id,id_date,id_time,id_computer,id_source,id_confidence,is_main_session,csn_list,n_conversations,total_user_msgs,first_user_time,first_user_time_iso,last_user_time,last_user_time_iso,duration_min
03122014_1131_3,2014-12-03,11:31,3,recovered_unique,high,False,CSN3,1,13,1733225473.809,2024-12-03T11:31:13.809000+00:00,1733226714.903,2024-12-03T11:51:54.903000+00:00,20.684900001684824
05122020_0415_5,2020-12-05,04:15,5,recovered_unique,high,False,CSN5,1,16,1733416334.230882,2024-12-05T16:32:14.230882+00:00,1733417703.599462,2024-12-05T16:55:03.599462+00:00,22.82280966838201
04122023_1402_4,2023-12-04,14:02,4,recovered_unique,high,False,CSN4,1,27,1733320965.682151,2024-12-04T14:02:45.682151+00:00,1733322283.654987,2024-12-04T14:24:43.654987+00:00,21.96621393362681
01012024_1751_7,2024-01-01,17:51,7,recovered_unique,high,False,CSN7,1,10,1733248321.929,2024-12-03T17:52:01.929000+00:00,1733249268.873,2024-12-03T18:07:48.873000+00:00,15.782400000095368
03012024_1345_15,2024-01-03,13:45,15,recovered_unique,high,False,CSN15,1,16,1733234234.424,2024-12-03T13:57:14.424000+00:00,1733235311.716,2024-12-03T14:15:11.716000+00:00,17.95486666758855
28112024_1222_0,2024-11-28,12:22,0,synthetic_from_conv_time,synthetic_low,False,CSN3,1,28,1732796573.137,2024-11-28T12:22:53.137000+00:00,1732797698.429,2024-11-28T12:41:38.429000+00:00,18.75486666361491
28112024_1223_0,2024-11-28,12:23,0,synthetic_from_conv_time,synthetic_low,False,CSN6,1,16,1732796595.971,2024-11-28T12:23:15.971000+00:00,1732797723.517,2024-11-28T12:42:03.517000+00:00,18.79243333339691
28112024_1224_0,2024-11-28,12:24,0,synthetic_from_conv_time,synthetic_low,False,CSN19;CSN8,2,40,1732796663.81,2024-11-28T12:24:23.810000+00:00,1732797729.185,2024-11-28T12:42:09.185000+00:00,17.75625
28112024_1225_0,2024-11-28,12:25,0,synthetic_from_conv_time,synthetic_low,False,CSN17;CSN7,2,6,1732796717.572,2024-11-28T12:25:17.572000+00:00,1732797713.69,2024-11-28T12:41:53.690000+00:00,16.601966667175294
28112024_1226_0,2024-11-28,12:26,0,synthetic_from_conv_time,synthetic_low,False,CSN15,1,20,1732796775.723,2024-11-28T12:26:15.723000+00:00,1732797699.86,2024-11-28T12:41:39.860000+00:00,15.402283330758413
28112024_1227_0,2024-11-28,12:27,0,synthetic_from_conv_time,synthetic_low,False,CSN1;CSN13,2,35,1732796848.057,2024-11-28T12:27:28.057000+00:00,1732797814.035,2024-11-28T12:43:34.035000+00:00,16.0996333360672
28112024_1229_0,2024-11-28,12:29,0,synthetic_from_conv_time,synthetic_low,False,CSN18,1,10,1732796998.748,2024-11-28T12:29:58.748000+00:00,1732797721.94,2024-11-28T12:42:01.940000+00:00,12.053200002511343
28112024_1231_0,2024-11-28,12:31,0,synthetic_from_conv_time,synthetic_low,False,CSN16;CSN9,2,19,1732797064.022,2024-11-28T12:31:04.022000+00:00,1732797729.757,2024-11-28T12:42:09.757000+00:00,11.09558333158493
28112024_1235_0,2024-11-28,12:35,0,synthetic_from_conv_time,synthetic_low,False,CSN14,1,6,1732797321.27,2024-11-28T12:35:21.270000+00:00,1732797874.991,2024-11-28T12:44:34.991000+00:00,9.228683332602182
28112024_1237_0,2024-11-28,12:37,0,synthetic_from_conv_time,synthetic_low,False,CSN2,1,1,1732797445.869,2024-11-28T12:37:25.869000+00:00,1732797445.869,2024-11-28T12:37:25.869000+00:00,0.0
29112024_1749_0,2024-11-29,17:49,0,synthetic_from_conv_time,synthetic_low,False,CSN1;CSN2;CSN3;CSN4;CSN5;CSN6;CSN7;CSN8,8,8,1732902558.242,2024-11-29T17:49:18.242000+00:00,1732902559.118,2024-11-29T17:49:19.118000+00:00,0.014599998792012533
01122024_1000_17,2024-12-01,10:00,17,recovered_unique,high,True,CSN17,1,1,1733394818.076653,2024-12-05T10:33:38.076653+00:00,1733394818.076653,2024-12-05T10:33:38.076653+00:00,0.0
01122024_1033_17,2024-12-01,10:33,17,imputed_from_multi_candidates,imputed_medium,True,CSN17,1,9,1733394818.126912,2024-12-05T10:33:38.126912+00:00,1733395177.611871,2024-12-05T10:39:37.611871+00:00,5.99141598145167
01122024_1200_10,2024-12-01,12:00,10,recovered_unique,high,True,CSN10,1,10,1733142075.206,2024-12-02T12:21:15.206000+00:00,1733142732.404,2024-12-02T12:32:12.404000+00:00,10.95329999923706
01122024_1215_7,2024-12-01,12:15,7,recovered_unique,high,True,CSN7,1,13,1733141815.472,2024-12-02T12:16:55.472000+00:00,1733142704.417,2024-12-02T12:31:44.417000+00:00,14.815750002861023
01122024_1500_11,2024-12-01,15:00,11,recovered_unique,high,True,CSN1;CSN11;CSN17,3,21,1733239553.326,2024-12-03T15:25:53.326000+00:00,1733417907.454956,2024-12-05T16:58:27.454956+00:00,2972.5688159346582
02122024_1012_0,2024-12-02,10:12,0,synthetic_from_conv_time,synthetic_low,True,CSN1,1,1,1733134348.377,2024-12-02T10:12:28.377000+00:00,1733134348.377,2024-12-02T10:12:28.377000+00:00,0.0
02122024_1135_10,2024-12-02,11:35,10,recovered_unique,high,True,CSN10,1,22,1733225652.42,2024-12-03T11:34:12.420000+00:00,1733226720.338,2024-12-03T11:52:00.338000+00:00,17.79863333304723
02122024_1200_5,2024-12-02,12:00,5,imputed_from_multi_candidates,imputed_medium,True,CSN5,1,7,1733141963.519,2024-12-02T12:19:23.519000+00:00,1733142231.209,2024-12-02T12:23:51.209000+00:00,4.4615000009536745
02122024_1200_9,2024-12-02,12:00,9,recovered_unique,high,True,CSN9,1,6,1733141963.137,2024-12-02T12:19:23.137000+00:00,1733142453.931,2024-12-02T12:27:33.931000+00:00,8.17989999850591
02122024_1200_11,2024-12-02,12:00,11,recovered_unique,high,True,CSN11,1,3,1733142463.396,2024-12-02T12:27:43.396000+00:00,1733143003.334,2024-12-02T12:36:43.334000+00:00,8.998966670036316
02122024_1200_13,2024-12-02,12:00,13,recovered_unique,high,True,CSN13,1,1,1733143027.599,2024-12-02T12:37:07.599000+00:00,1733143027.599,2024-12-02T12:37:07.599000+00:00,0.0
02122024_1200_15,2024-12-02,12:00,15,recovered_unique,,True,CSN15,1,17,1733141307.477,2024-12-02T12:08:27.477000+00:00,1733142208.151,2024-12-02T12:23:28.151000+00:00,15.011233333746592
02122024_1200_17,2024-12-02,12:00,17,recovered_unique,high,True,CSN17,1,5,1733141972.043,2024-12-02T12:19:32.043000+00:00,1733142360.768,2024-12-02T12:26:00.768000+00:00,6.478749998410543
02122024_1200_20,2024-12-02,12:00,20,recovered_unique,high,True,CSN20,1,8,1733142426.816,2024-12-02T12:27:06.816000+00:00,1733142929.097,2024-12-02T12:35:29.097000+00:00,8.371349998315175
02122024_1213_0,2024-12-02,12:13,0,synthetic_from_conv_time,synthetic_low,True,CSN14,1,38,1733141592.862,2024-12-02T12:13:12.862000+00:00,1733142779.676,2024-12-02T12:32:59.676000+00:00,19.780233335494994
02122024_1215_2,2024-12-02,12:15,2,recovered_unique,high,True,CSN2,1,33,1733141732.768,2024-12-02T12:15:32.768000+00:00,1733142850.729,2024-12-02T12:34:10.729000+00:00,18.63268333673477
02122024_1216_16,2024-12-02,12:16,16,recovered_unique,high,True,CSN4,1,16,1733141926.642,2024-12-02T12:18:46.642000+00:00,1733142961.249,2024-12-02T12:36:01.249000+00:00,17.24345000187556
02122024_1217_12,2024-12-02,12:17,12,recovered_unique,high,True,CSN9,1,9,1733141098.66,2024-12-02T12:04:58.660000+00:00,1733142478.296,2024-12-02T12:27:58.296000+00:00,22.9939333319664
02122024_1217_19,2024-12-02,12:17,19,recovered_unique,high,True,CSN19,1,9,1733141873.425,2024-12-02T12:17:53.425000+00:00,1733142700.039,2024-12-02T12:31:40.039000+00:00,13.776900001366933
02122024_1219_0,2024-12-02,12:19,0,synthetic_from_conv_time,synthetic_low,True,CSN21,1,12,1733141946.114,2024-12-02T12:19:06.114000+00:00,1733142919.535,2024-12-02T12:35:19.535000+00:00,16.223683333396913
02122024_1220_0,2024-12-02,12:20,0,synthetic_from_conv_time,synthetic_low,True,CSN3,1,21,1733142015.627,2024-12-02T12:20:15.627000+00:00,1733142865.978,2024-12-02T12:34:25.978000+00:00,14.172516663869223
02122024_1221_0,2024-12-02,12:21,0,synthetic_from_conv_time,synthetic_low,True,CSN8,1,6,1733142067.536,2024-12-02T12:21:07.536000+00:00,1733142367.44,2024-12-02T12:26:07.440000+00:00,4.99840000073115
02122024_1221_1,2024-12-02,12:21,1,recovered_unique,,True,CSN1,1,14,1733142085.106,2024-12-02T12:21:25.106000+00:00,1733142892.638,2024-12-02T12:34:52.638000+00:00,13.458866667747497
02122024_1222_6,2024-12-02,12:22,6,recovered_unique,high,True,CSN6,1,1,1733142204.114,2024-12-02T12:23:24.114000+00:00,1733142204.114,2024-12-02T12:23:24.114000+00:00,0.0
03122024_0415_15,2024-12-03,04:15,15,recovered_unique,high,True,CSN15,1,23,1733243688.928,2024-12-03T16:34:48.928000+00:00,1733245043.085,2024-12-03T16:57:23.085000+00:00,22.569283334414163
03122024_0424_6,2024-12-03,04:24,6,recovered_unique,,True,CSN9,1,2,1733220486.771,2024-12-03T10:08:06.771000+00:00,1733221482.018,2024-12-03T10:24:42.018000+00:00,16.58744999965032
03122024_1000_2,2024-12-03,10:00,2,recovered_unique,high,True,CSN2,1,12,1733220983.728,2024-12-03T10:16:23.728000+00:00,1733222170.719,2024-12-03T10:36:10.719000+00:00,19.783183336257935
03122024_1000_5,2024-12-03,10:00,5,recovered_unique,high,True,CSN5,1,9,1733221582.445,2024-12-03T10:26:22.445000+00:00,1733222061.561,2024-12-03T10:34:21.561000+00:00,7.985266669591268
03122024_1000_6,2024-12-03,10:00,6,recovered_unique,high,True,CSN6,1,1,1733222326.179,2024-12-03T10:38:46.179000+00:00,1733222326.179,2024-12-03T10:38:46.179000+00:00,0.0
03122024_1000_9,2024-12-03,10:00,9,recovered_unique,high,True,CSN9,1,15,1733221721.41,2024-12-03T10:28:41.410000+00:00,1733222342.256,2024-12-03T10:39:02.256000+00:00,10.347433332602183
03122024_1000_12,2024-12-03,10:00,12,recovered_unique,high,True,CSN9,1,14,1733221443.746,2024-12-03T10:24:03.746000+00:00,1733222142.445,2024-12-03T10:35:42.445000+00:00,11.644983331362406
03122024_1000_13,2024-12-03,10:00,13,recovered_unique,high,True,CSN13,1,9,1733221185.653,2024-12-03T10:19:45.653000+00:00,1733221803.101,2024-12-03T10:30:03.101000+00:00,10.290799999237061
03122024_1000_14,2024-12-03,10:00,14,recovered_unique,,True,CSN14,1,1,1733221442.903,2024-12-03T10:24:02.903000+00:00,1733221442.903,2024-12-03T10:24:02.903000+00:00,0.0
03122024_1000_17,2024-12-03,10:00,17,recovered_unique,high,True,CSN17,1,7,1733221544.86,2024-12-03T10:25:44.860000+00:00,1733222179.331,2024-12-03T10:36:19.331000+00:00,10.57451666990916
03122024_1000_22,2024-12-03,10:00,22,recovered_unique,high,True,CSN22,1,21,1733221309.571,2024-12-03T10:21:49.571000+00:00,1733222124.932,2024-12-03T10:35:24.932000+00:00,13.589349997043609
03122024_1015_0,2024-12-03,10:15,0,synthetic_from_conv_time,synthetic_low,True,CSN1,1,11,1733220916.84,2024-12-03T10:15:16.840000+00:00,1733221984.25,2024-12-03T10:33:04.250000+00:00,17.79016666809718
03122024_1015_19,2024-12-03,10:15,19,recovered_unique,high,True,CSN19,1,36,1733220942.048,2024-12-03T10:15:42.048000+00:00,1733221943.241,2024-12-03T10:32:23.241000+00:00,16.686549997329713
03122024_1020_20,2024-12-03,10:20,20,imputed_from_multi_candidates,imputed_medium,True,CSN20,1,17,1733220582.645,2024-12-03T10:09:42.645000+00:00,1733221747.538,2024-12-03T10:29:07.538000+00:00,19.414883335431416
03122024_1023_4,2024-12-03,10:23,4,recovered_unique,,True,CSN11,1,24,1733221437.043,2024-12-03T10:23:57.043000+00:00,1733222685.138,2024-12-03T10:44:45.138000+00:00,20.80158333381017
03122024_1024_3,2024-12-03,10:24,3,recovered_unique,high,True,CSN3,1,8,1733221458.078,2024-12-03T10:24:18.078000+00:00,1733222262.434,2024-12-03T10:37:42.434000+00:00,13.405933332443237
03122024_1025_0,2024-12-03,10:25,0,synthetic_from_conv_time,synthetic_low,True,CSN7,1,8,1733221544.019,2024-12-03T10:25:44.019000+00:00,1733222231.343,2024-12-03T10:37:11.343000+00:00,11.455399998029073
03122024_1028_8,2024-12-03,10:28,8,recovered_unique,high,True,CSN8,1,6,1733221746.43,2024-12-03T10:29:06.430000+00:00,1733222367.871,2024-12-03T10:39:27.871000+00:00,10.357349999745686
03122024_1032_16,2024-12-03,10:32,16,recovered_unique,high,True,CSN16,1,7,1733221882.29,2024-12-03T10:31:22.290000+00:00,1733222186.658,2024-12-03T10:36:26.658000+00:00,5.072800000508626
03122024_1033_0,2024-12-03,10:33,0,synthetic_from_conv_time,synthetic_low,True,CSN15,1,16,1733222017.275,2024-12-03T10:33:37.275000+00:00,1733222438.235,2024-12-03T10:40:38.235000+00:00,7.01599999666214
03122024_1115_2,2024-12-03,11:15,2,recovered_unique,high,True,CSN2,1,27,1733225963.825,2024-12-03T11:39:23.825000+00:00,1733227035.007,2024-12-03T11:57:15.007000+00:00,17.853033332029977
03122024_1115_4,2024-12-03,11:15,4,recovered_unique,high,True,CSN4,1,34,1733226074.605,2024-12-03T11:41:14.605000+00:00,1733226922.261,2024-12-03T11:55:22.261000+00:00,14.127599998315175
03122024_1115_6,2024-12-03,11:15,6,recovered_unique,high,True,CSN6,1,17,1733225702.954,2024-12-03T11:35:02.954000+00:00,1733226816.558,2024-12-03T11:53:36.558000+00:00,18.560066668192544
03122024_1115_8,2024-12-03,11:15,8,recovered_unique,high,True,CSN8,1,1,1733313137.23201,2024-12-04T11:52:17.232010+00:00,1733313137.23201,2024-12-04T11:52:17.232010+00:00,0.0
03122024_1115_11,2024-12-03,11:15,11,recovered_unique,high,True,CSN11,1,5,1733226479.379,2024-12-03T11:47:59.379000+00:00,1733228525.603,2024-12-03T12:22:05.603000+00:00,34.10373333295186
03122024_1115_13,2024-12-03,11:15,13,recovered_unique,high,True,CSN13,1,30,1733226227.721,2024-12-03T11:43:47.721000+00:00,1733227026.867,2024-12-03T11:57:06.867000+00:00,13.319100002447763
03122024_1115_15,2024-12-03,11:15,15,recovered_unique,high,True,CSN15,1,41,1733225598.166,2024-12-03T11:33:18.166000+00:00,1733227027.149,2024-12-03T11:57:07.149000+00:00,23.816383334000907
03122024_1115_16,2024-12-03,11:15,16,recovered_unique,high,True,CSN16,1,16,1733225821.557,2024-12-03T11:37:01.557000+00:00,1733226563.478,2024-12-03T11:49:23.478000+00:00,12.365350000063579
03122024_1115_20,2024-12-03,11:15,20,recovered_unique,,True,CSN20,1,8,1733225770.886,2024-12-03T11:36:10.886000+00:00,1733226357.675,2024-12-03T11:45:57.675000+00:00,9.77981666723887
03122024_1115_21,2024-12-03,11:15,21,recovered_unique,high,True,CSN21,1,12,1733225762.833,2024-12-03T11:36:02.833000+00:00,1733226679.919,2024-12-03T11:51:19.919000+00:00,15.284766666094463
03122024_1115_22,2024-12-03,11:15,22,recovered_unique,high,True,CSN22,1,2,1733226075.336,2024-12-03T11:41:15.336000+00:00,1733226252.423,2024-12-03T11:44:12.423000+00:00,2.951450002193451
03122024_1120_0,2024-12-03,11:20,0,synthetic_from_conv_time,synthetic_low,True,CSN2,1,5,1733224847.186,2024-12-03T11:20:47.186000+00:00,1733225483.295,2024-12-03T11:31:23.295000+00:00,10.60181666612625
03122024_1135_14,2024-12-03,11:35,14,recovered_unique,,True,CSN14,1,72,1733225796.708,2024-12-03T11:36:36.708000+00:00,1733235613.974,2024-12-03T14:20:13.974000+00:00,163.62110000054042
03122024_1138_8,2024-12-03,11:38,8,recovered_unique,high,True,CSN8,1,10,1733225907.674,2024-12-03T11:38:27.674000+00:00,1733226693.564,2024-12-03T11:51:33.564000+00:00,13.098166664441427
03122024_1138_9,2024-12-03,11:38,9,recovered_unique,high,True,CSN9,1,15,1733225949.588,2024-12-03T11:39:09.588000+00:00,1733226763.158,2024-12-03T11:52:43.158000+00:00,13.55949999888738
03122024_1139_7,2024-12-03,11:39,7,recovered_unique,high,True,CSN7,1,15,1733225982.893,2024-12-03T11:39:42.893000+00:00,1733226909.923,2024-12-03T11:55:09.923000+00:00,15.450500003496806
03122024_1140_19,2024-12-03,11:40,19,recovered_unique,high,True,CSN19,1,10,1733226018.838,2024-12-03T11:40:18.838000+00:00,1733226656.83,2024-12-03T11:50:56.830000+00:00,10.63319999774297
03122024_1143_12,2024-12-03,11:43,12,recovered_unique,high,True,CSN9,1,8,1733226210.159,2024-12-03T11:43:30.159000+00:00,1733226938.753,2024-12-03T11:55:38.753000+00:00,12.143233335018158
03122024_1145_17,2024-12-03,11:45,17,recovered_unique,,True,CSN17,1,12,1733226317.201,2024-12-03T11:45:17.201000+00:00,1733226953.987,2024-12-03T11:55:53.987000+00:00,10.613100000222524
03122024_1145_20,2024-12-03,11:45,20,recovered_unique,high,True,CSN20,1,31,1733234211.675,2024-12-03T13:56:51.675000+00:00,1733235428.634,2024-12-03T14:17:08.634000+00:00,20.28265000184377
03122024_1152_0,2024-12-03,11:52,0,synthetic_from_conv_time,synthetic_low,True,CSN5,1,1,1733226778.697,2024-12-03T11:52:58.697000+00:00,1733226778.697,2024-12-03T11:52:58.697000+00:00,0.0
03122024_1230_3,2024-12-03,12:30,3,recovered_unique,high,True,CSN3,1,16,1733230754.243,2024-12-03T12:59:14.243000+00:00,1733231659.14,2024-12-03T13:14:19.140000+00:00,15.081616667906443
03122024_1230_8,2024-12-03,12:30,8,recovered_unique,high,True,CSN8,1,4,1733230913.71,2024-12-03T13:01:53.710000+00:00,1733231537.687,2024-12-03T13:12:17.687000+00:00,10.399616666634877
03122024_1230_10,2024-12-03,12:30,10,recovered_unique,,True,CSN10,1,9,1733230748.967,2024-12-03T12:59:08.967000+00:00,1733231415.723,2024-12-03T13:10:15.723000+00:00,11.112600000699361
03122024_1230_11,2024-12-03,12:30,11,recovered_unique,high,True,CSN11,1,3,1733230366.414,2024-12-03T12:52:46.414000+00:00,1733230961.713,2024-12-03T13:02:41.713000+00:00,9.921650000413258
03122024_1230_12,2024-12-03,12:30,12,recovered_unique,high,True,CSN9,1,3,1733230789.573,2024-12-03T12:59:49.573000+00:00,1733231380.799,2024-12-03T13:09:40.799000+00:00,9.853766667842866
03122024_1230_15,2024-12-03,12:30,15,recovered_unique,high,True,CSN15,1,19,1733230635.689,2024-12-03T12:57:15.689000+00:00,1733231609.469,2024-12-03T13:13:29.469000+00:00,16.22966667016347
03122024_1230_16,2024-12-03,12:30,16,recovered_unique,high,True,CSN16,1,11,1733230706.495,2024-12-03T12:58:26.495000+00:00,1733231511.941,2024-12-03T13:11:51.941000+00:00,13.424100001653036
03122024_1230_17,2024-12-03,12:30,17,recovered_unique,high,True,CSN17,1,3,1733230800.486,2024-12-03T13:00:00.486000+00:00,1733231524.102,2024-12-03T13:12:04.102000+00:00,12.060266665617625
03122024_1230_19,2024-12-03,12:30,19,recovered_unique,high,True,CSN19,1,9,1733231008.222,2024-12-03T13:03:28.222000+00:00,1733231511.552,2024-12-03T13:11:51.552000+00:00,8.388833336035411
03122024_1230_20,2024-12-03,12:30,20,recovered_unique,high,True,CSN20,1,5,1733230932.985,2024-12-03T13:02:12.985000+00:00,1733231657.22,2024-12-03T13:14:17.220000+00:00,12.070583335558574
03122024_1230_21,2024-12-03,12:30,21,recovered_unique,high,True,CSN21,1,15,1733230162.113,2024-12-03T12:49:22.113000+00:00,1733230865.799,2024-12-03T13:01:05.799000+00:00,11.728100001811981
03122024_1246_0,2024-12-03,12:46,0,synthetic_from_conv_time,synthetic_low,True,CSN13,1,14,1733230005.377,2024-12-03T12:46:45.377000+00:00,1733230798.613,2024-12-03T12:59:58.613000+00:00,13.22059999704361
03122024_1247_0,2024-12-03,12:47,0,synthetic_from_conv_time,synthetic_low,True,CSN17;CSN2,2,34,1733230032.114,2024-12-03T12:47:12.114000+00:00,1733230912.541,2024-12-03T13:01:52.541000+00:00,14.67378333012263
03122024_1250_0,2024-12-03,12:50,0,synthetic_from_conv_time,synthetic_low,True,CSN1,1,14,1733230201.284,2024-12-03T12:50:01.284000+00:00,1733231127.068,2024-12-03T13:05:27.068000+00:00,15.429733335971832
03122024_1252_5,2024-12-03,12:52,5,recovered_unique,high,True,CSN5,1,15,1733230343.992,2024-12-03T12:52:23.992000+00:00,1733231117.152,2024-12-03T13:05:17.152000+00:00,12.885999997456869
03122024_1259_0,2024-12-03,12:59,0,synthetic_from_conv_time,synthetic_low,True,CSN14;CSN6,2,11,1733230758.752,2024-12-03T12:59:18.752000+00:00,1733231542.321,2024-12-03T13:12:22.321000+00:00,13.0594833334287
03122024_1300_4,2024-12-03,13:00,4,imputed_from_multi_candidates,imputed_medium,True,CSN4,1,15,1733230794.17,2024-12-03T12:59:54.170000+00:00,1733231738.944,2024-12-03T13:15:38.944000+00:00,15.746233332157136
03122024_1302_18,2024-12-03,13:02,18,recovered_unique,high,True,CSN18,1,8,1733230972.049,2024-12-03T13:02:52.049000+00:00,1733231606.778,2024-12-03T13:13:26.778000+00:00,10.578816668192546
03122024_1305_22,2024-12-03,13:05,22,recovered_unique,high,True,CSN22,1,7,1733231092.76,2024-12-03T13:04:52.760000+00:00,1733231666.617,2024-12-03T13:14:26.617000+00:00,9.564283335208893
03122024_1309_0,2024-12-03,13:09,0,synthetic_from_conv_time,synthetic_low,True,CSN7,1,8,1733231378.844,2024-12-03T13:09:38.844000+00:00,1733231608.956,2024-12-03T13:13:28.956000+00:00,3.835199999809265
03122024_1310_0,2024-12-03,13:10,0,synthetic_from_conv_time,synthetic_low,True,CSN1,1,3,1733231445.318,2024-12-03T13:10:45.318000+00:00,1733231459.667,2024-12-03T13:10:59.667000+00:00,0.23914999961853028
03122024_1311_0,2024-12-03,13:11,0,synthetic_from_conv_time,synthetic_low,True,CSN9,1,3,1733231459.928,2024-12-03T13:10:59.928000+00:00,1733231588.473,2024-12-03T13:13:08.473000+00:00,2.1424166679382326
03122024_1345_3,2024-12-03,13:45,3,imputed_from_multi_candidates,imputed_medium,True,CSN2,1,24,1733234766.803,2024-12-03T14:06:06.803000+00:00,1733235668.015,2024-12-03T14:21:08.015000+00:00,15.020200002193452
03122024_1345_4,2024-12-03,13:45,4,recovered_unique,high,True,CSN4,1,6,1733235227.795,2024-12-03T14:13:47.795000+00:00,1733235820.35,2024-12-03T14:23:40.350000+00:00,9.875916663805643
03122024_1345_7,2024-12-03,13:45,7,recovered_unique,high,True,CSN7,1,8,1733235081.39,2024-12-03T14:11:21.390000+00:00,1733235861.032,2024-12-03T14:24:21.032000+00:00,12.994033332665762
03122024_1345_9,2024-12-03,13:45,9,recovered_unique,,True,CSN9,1,24,1733234606.96,2024-12-03T14:03:26.960000+00:00,1733236469.261,2024-12-03T14:34:29.261000+00:00,31.038349997997283
03122024_1345_11,2024-12-03,13:45,11,recovered_unique,high,True,CSN11,1,10,1733235061.884,2024-12-03T14:11:01.884000+00:00,1733235771.047,2024-12-03T14:22:51.047000+00:00,11.819383331139882
03122024_1345_12,2024-12-03,13:45,12,recovered_unique,high,True,CSN9,1,11,1733235013.128,2024-12-03T14:10:13.128000+00:00,1733235574.204,2024-12-03T14:19:34.204000+00:00,9.351266666253407
03122024_1345_13,2024-12-03,13:45,13,recovered_unique,high,True,CSN13,1,9,1733235291.145,2024-12-03T14:14:51.145000+00:00,1733235766.704,2024-12-03T14:22:46.704000+00:00,7.925983333587647
03122024_1345_16,2024-12-03,13:45,16,recovered_unique,high,True,CSN16,1,18,1733234458.423,2024-12-03T14:00:58.423000+00:00,1733235218.857,2024-12-03T14:13:38.857000+00:00,12.673900000254314
03122024_1345_17,2024-12-03,13:45,17,recovered_unique,high,True,CSN17,1,9,1733234765.223,2024-12-03T14:06:05.223000+00:00,1733235731.635,2024-12-03T14:22:11.635000+00:00,16.106866665681203
03122024_1345_18,2024-12-03,13:45,18,recovered_unique,high,True,CSN18,1,1,1733234852.279,2024-12-03T14:07:32.279000+00:00,1733234852.279,2024-12-03T14:07:32.279000+00:00,0.0
03122024_1345_19,2024-12-03,13:45,19,recovered_unique,high,True,CSN19,1,27,1733235062.203,2024-12-03T14:11:02.203000+00:00,1733235822.388,2024-12-03T14:23:42.388000+00:00,12.669749999046326
03122024_1350_10,2024-12-03,13:50,10,recovered_unique,,True,CSN1,1,13,1733233853.637,2024-12-03T13:50:53.637000+00:00,1733235659.202,2024-12-03T14:20:59.202000+00:00,30.092749996980032
03122024_1400_22,2024-12-03,14:00,22,imputed_from_multi_candidates,imputed_medium,True,CSN22,1,19,1733234456.603,2024-12-03T14:00:56.603000+00:00,1733235373.658,2024-12-03T14:16:13.658000+00:00,15.28425000111262
03122024_1406_21,2024-12-03,14:06,21,imputed_from_multi_candidates,imputed_medium,True,CSN21,1,12,1733235118.022,2024-12-03T14:11:58.022000+00:00,1733235776.368,2024-12-03T14:22:56.368000+00:00,10.972433332602183
03122024_1422_0,2024-12-03,14:22,0,synthetic_from_conv_time,synthetic_low,True,CSN10,1,1,1733235763.839,2024-12-03T14:22:43.839000+00:00,1733235763.839,2024-12-03T14:22:43.839000+00:00,0.0
03122024_1423_0,2024-12-03,14:23,0,synthetic_from_conv_time,synthetic_low,True,CSN8,1,10,1733235817.985,2024-12-03T14:23:37.985000+00:00,1733239914.53,2024-12-03T15:31:54.530000+00:00,68.27575000127156
03122024_1428_4,2024-12-03,14:28,4,recovered_unique,,True,CSN1,1,3,1733236117.998,2024-12-03T14:28:37.998000+00:00,1733236194.468,2024-12-03T14:29:54.468000+00:00,1.2745000004768372
03122024_1500_6,2024-12-03,15:00,6,recovered_unique,high,True,CSN6,1,11,1733239366.5,2024-12-03T15:22:46.500000+00:00,1733240199.593,2024-12-03T15:36:39.593000+00:00,13.884883332252503
03122024_1500_10,2024-12-03,15:00,10,recovered_unique,high,True,CSN10,1,14,1733239739.816,2024-12-03T15:28:59.816000+00:00,1733240486.798,2024-12-03T15:41:26.798000+00:00,12.44970000187556
03122024_1500_12,2024-12-03,15:00,12,recovered_unique,high,True,CSN9,1,1,1733239434.112,2024-12-03T15:23:54.112000+00:00,1733239434.112,2024-12-03T15:23:54.112000+00:00,0.0
03122024_1500_13,2024-12-03,15:00,13,recovered_unique,high,True,CSN13,1,8,1733239260.703,2024-12-03T15:21:00.703000+00:00,1733239982.719,2024-12-03T15:33:02.719000+00:00,12.033600000540416
03122024_1500_14,2024-12-03,15:00,14,recovered_unique,high,True,CSN14,1,8,1733239500.457,2024-12-03T15:25:00.457000+00:00,1733239911.328,2024-12-03T15:31:51.328000+00:00,6.8478500008583065
03122024_1500_15,2024-12-03,15:00,15,recovered_unique,high,True,CSN15,1,11,1733239645.634,2024-12-03T15:27:25.634000+00:00,1733240311.786,2024-12-03T15:38:31.786000+00:00,11.102533332506816
03122024_1500_16,2024-12-03,15:00,16,recovered_unique,,True,CSN16,1,1,1733240385.812,2024-12-03T15:39:45.812000+00:00,1733240385.812,2024-12-03T15:39:45.812000+00:00,0.0
03122024_1500_20,2024-12-03,15:00,20,recovered_unique,high,True,CSN20,1,6,1733239492.131,2024-12-03T15:24:52.131000+00:00,1733240034.403,2024-12-03T15:33:54.403000+00:00,9.037866667906444
03122024_1520_22,2024-12-03,15:20,22,recovered_unique,high,True,CSN22,1,30,1733239231.892,2024-12-03T15:20:31.892000+00:00,1733240338.192,2024-12-03T15:38:58.192000+00:00,18.438333332538605
03122024_1521_3,2024-12-03,15:21,3,recovered_unique,high,True,CSN3,1,9,1733239357.987,2024-12-03T15:22:37.987000+00:00,1733240190.963,2024-12-03T15:36:30.963000+00:00,13.882933334509532
03122024_1521_5,2024-12-03,15:21,5,imputed_from_multi_candidates,imputed_medium,True,CSN21,1,11,1733239310.957,2024-12-03T15:21:50.957000+00:00,1733239944.561,2024-12-03T15:32:24.561000+00:00,10.560066668192546
03122024_1528_0,2024-12-03,15:28,0,synthetic_from_conv_time,synthetic_low,True,CSN11;CSN2,2,16,1733239685.199,2024-12-03T15:28:05.199000+00:00,1733240321.235,2024-12-03T15:38:41.235000+00:00,10.600600000222524
03122024_1529_9,2024-12-03,15:29,9,recovered_unique,high,True,CSN9,1,5,1733239766.382,2024-12-03T15:29:26.382000+00:00,1733240118.38,2024-12-03T15:35:18.380000+00:00,5.866633335749309
03122024_1532_0,2024-12-03,15:32,0,synthetic_from_conv_time,synthetic_low,True,CSN7,1,3,1733239945.729,2024-12-03T15:32:25.729000+00:00,1733239989.266,2024-12-03T15:33:09.266000+00:00,0.7256166656812032
03122024_1532_17,2024-12-03,15:32,17,recovered_unique,,True,CSN17,1,10,1733239951.467,2024-12-03T15:32:31.467000+00:00,1733240401.619,2024-12-03T15:40:01.619000+00:00,7.5025333325068155
03122024_1615_6,2024-12-03,16:15,6,recovered_unique,high,True,CSN6,1,9,1733244016.482,2024-12-03T16:40:16.482000+00:00,1733244700.457,2024-12-03T16:51:40.457000+00:00,11.399583331743877
03122024_1615_17,2024-12-03,16:15,17,recovered_unique,high,True,CSN17,1,1,1733244764.308,2024-12-03T16:52:44.308000+00:00,1733244764.308,2024-12-03T16:52:44.308000+00:00,0.0
03122024_1615_18,2024-12-03,16:15,18,recovered_unique,high,True,CSN18,1,9,1733243907.005,2024-12-03T16:38:27.005000+00:00,1733245024.251,2024-12-03T16:57:04.251000+00:00,18.62076666355133
03122024_1615_19,2024-12-03,16:15,19,recovered_unique,high,True,CSN19,1,13,1733244220.501,2024-12-03T16:43:40.501000+00:00,1733245195.753,2024-12-03T16:59:55.753000+00:00,16.254200001557667
03122024_1615_20,2024-12-03,16:15,20,recovered_unique,high,True,CSN20,1,21,1733243615.303,2024-12-03T16:33:35.303000+00:00,1733244480.985,2024-12-03T16:48:00.985000+00:00,14.428033332029978
03122024_1615_22,2024-12-03,16:15,22,recovered_unique,high,True,CSN22,1,18,1733417080.507422,2024-12-05T16:44:40.507422+00:00,1733418009.958997,2024-12-05T17:00:09.958997+00:00,15.490859584013622
03122024_1629_0,2024-12-03,16:29,0,synthetic_from_conv_time,synthetic_low,True,CSN8,1,20,1733243389.704,2024-12-03T16:29:49.704000+00:00,1733244342.108,2024-12-03T16:45:42.108000+00:00,15.87340000073115
03122024_1631_0,2024-12-03,16:31,0,synthetic_from_conv_time,synthetic_low,True,CSN1,1,19,1733243493.776,2024-12-03T16:31:33.776000+00:00,1733244892.533,2024-12-03T16:54:52.533000+00:00,23.31261666615804
03122024_1631_5,2024-12-03,16:31,5,recovered_unique,high,True,CSN5,1,28,1733243482.782,2024-12-03T16:31:22.782000+00:00,1733244423.239,2024-12-03T16:47:03.239000+00:00,15.674283333619435
03122024_1634_0,2024-12-03,16:34,0,synthetic_from_conv_time,synthetic_low,True,CSN10,1,15,1733243691.833,2024-12-03T16:34:51.833000+00:00,1733244552.299,2024-12-03T16:49:12.299000+00:00,14.341100001335144
03122024_1636_16,2024-12-03,16:36,16,imputed_from_multi_candidates,imputed_medium,True,CSN16,1,15,1733243827.215,2024-12-03T16:37:07.215000+00:00,1733244727.462,2024-12-03T16:52:07.462000+00:00,15.004116666316985
03122024_1637_9,2024-12-03,16:37,9,imputed_from_multi_candidates,imputed_medium,True,CSN9,1,17,1733243884.727,2024-12-03T16:38:04.727000+00:00,1733245059.361,2024-12-03T16:57:39.361000+00:00,19.577233334382374
03122024_1640_14,2024-12-03,16:40,14,recovered_unique,high,True,CSN14,1,10,1733244023.423,2024-12-03T16:40:23.423000+00:00,1733245025.654,2024-12-03T16:57:05.654000+00:00,16.703849999109902
03122024_1641_0,2024-12-03,16:41,0,synthetic_from_conv_time,synthetic_low,True,CSN13,1,29,1733244102.409,2024-12-03T16:41:42.409000+00:00,1733244917.163,2024-12-03T16:55:17.163000+00:00,13.57923333644867
03122024_1642_7,2024-12-03,16:42,7,recovered_unique,high,True,CSN7,1,2,1733244171.292,2024-12-03T16:42:51.292000+00:00,1733244626.363,2024-12-03T16:50:26.363000+00:00,7.584516664346059
03122024_1643_4,2024-12-03,16:43,4,imputed_from_multi_candidates,imputed_medium,True,CSN4,1,32,1733243668.893,2024-12-03T16:34:28.893000+00:00,1733245098.243,2024-12-03T16:58:18.243000+00:00,23.822500002384185
03122024_1643_11,2024-12-03,16:43,11,imputed_from_multi_candidates,imputed_medium,True,CSN11,1,6,1733244199.306,2024-12-03T16:43:19.306000+00:00,1733244672.253,2024-12-03T16:51:12.253000+00:00,7.882450000445048
03122024_1646_3,2024-12-03,16:46,3,recovered_unique,high,True,CSN2,1,15,1733244425.187,2024-12-03T16:47:05.187000+00:00,1733245098.508,2024-12-03T16:58:18.508000+00:00,11.222016664346059
03122024_1648_3,2024-12-03,16:48,3,recovered_unique,high,True,CSN3,1,23,1733244508.778,2024-12-03T16:48:28.778000+00:00,1733245107.797,2024-12-03T16:58:27.797000+00:00,9.983649996916453
03122024_1730_3,2024-12-03,17:30,3,recovered_unique,high,True,CSN3,1,19,1733247906.34,2024-12-03T17:45:06.340000+00:00,1733249069.988,2024-12-03T18:04:29.988000+00:00,19.394133333365122
03122024_1730_10,2024-12-03,17:30,10,recovered_unique,high,True,CSN10,1,6,1733249139.465,2024-12-03T18:05:39.465000+00:00,1733249661.344,2024-12-03T18:14:21.344000+00:00,8.697983336448669
03122024_1730_12,2024-12-03,17:30,12,recovered_unique,high,True,CSN9,1,7,1733248393.464,2024-12-03T17:53:13.464000+00:00,1733248994.623,2024-12-03T18:03:14.623000+00:00,10.019316665331523
03122024_1730_15,2024-12-03,17:30,15,recovered_unique,high,True,CSN15,1,34,1733248106.175,2024-12-03T17:48:26.175000+00:00,1733249386.975,2024-12-03T18:09:46.975000+00:00,21.34666666587194
03122024_1730_16,2024-12-03,17:30,16,recovered_unique,high,True,CSN16,1,14,1733249054.865,2024-12-03T18:04:14.865000+00:00,1733249701.744,2024-12-03T18:15:01.744000+00:00,10.78131666580836
03122024_1730_17,2024-12-03,17:30,17,recovered_unique,high,True,CSN17,1,4,1733248200.733,2024-12-03T17:50:00.733000+00:00,1733248402.766,2024-12-03T17:53:22.766000+00:00,3.3672166665395102
03122024_1730_20,2024-12-03,17:30,20,recovered_unique,high,True,CSN20,1,1,1733248602.189,2024-12-03T17:56:42.189000+00:00,1733248602.189,2024-12-03T17:56:42.189000+00:00,0.0
03122024_1730_21,2024-12-03,17:30,21,recovered_unique,high,True,CSN21,1,8,1733248372.813,2024-12-03T17:52:52.813000+00:00,1733249100.086,2024-12-03T18:05:00.086000+00:00,12.121216666698455
03122024_1734_20,2024-12-03,17:34,20,recovered_unique,,True,CSN1,1,1,1733247295.448,2024-12-03T17:34:55.448000+00:00,1733247295.448,2024-12-03T17:34:55.448000+00:00,0.0
03122024_1743_0,2024-12-03,17:43,0,synthetic_from_conv_time,synthetic_low,True,CSN4,1,14,1733247787.195,2024-12-03T17:43:07.195000+00:00,1733249664.126,2024-12-03T18:14:24.126000+00:00,31.282183333237967
03122024_1750_18,2024-12-03,17:50,18,imputed_from_multi_candidates,imputed_medium,True,CSN18,1,33,1733247767.127,2024-12-03T17:42:47.127000+00:00,1733249734.654,2024-12-03T18:15:34.654000+00:00,32.79211666584015
03122024_1754_2,2024-12-03,17:54,2,recovered_unique,high,True,CSN2,1,14,1733248463.467,2024-12-03T17:54:23.467000+00:00,1733249743.997,2024-12-03T18:15:43.997000+00:00,21.34216666618983
03122024_1755_6,2024-12-03,17:55,6,recovered_unique,high,True,CSN6,1,8,1733248529.615,2024-12-03T17:55:29.615000+00:00,1733249630.896,2024-12-03T18:13:50.896000+00:00,18.35468333164851
03122024_1757_11,2024-12-03,17:57,11,recovered_unique,high,True,CSN11,1,3,1733248713.131,2024-12-03T17:58:33.131000+00:00,1733248968.874,2024-12-03T18:02:48.874000+00:00,4.262383333841959
03122024_1804_1,2024-12-03,18:04,1,recovered_unique,high,True,CSN1,1,1,1733249053.032,2024-12-03T18:04:13.032000+00:00,1733249053.032,2024-12-03T18:04:13.032000+00:00,0.0
03122024_1804_14,2024-12-03,18:04,14,recovered_unique,high,True,CSN14,1,7,1733249078.407,2024-12-03T18:04:38.407000+00:00,1733249600.094,2024-12-03T18:13:20.094000+00:00,8.694783333937327
03122024_1808_0,2024-12-03,18:08,0,synthetic_from_conv_time,synthetic_low,True,CSN8,1,3,1733249286.973,2024-12-03T18:08:06.973000+00:00,1733249341.854,2024-12-03T18:09:01.854000+00:00,0.9146833340326945
04122024_0315_10,2024-12-04,03:15,10,recovered_unique,,True,CSN10,1,15,1733330283.754876,2024-12-04T16:38:03.754876+00:00,1733331259.93072,2024-12-04T16:54:19.930720+00:00,16.269597403208415
04122024_0824_4,2024-12-04,08:24,4,recovered_unique,,True,CSN8,1,15,1733334174.764887,2024-12-04T17:42:54.764887+00:00,1733335041.980188,2024-12-04T17:57:21.980188+00:00,14.453588346640268
04122024_1000_1,2024-12-04,10:00,1,recovered_unique,high,True,CSN1,1,6,1733306810.886013,2024-12-04T10:06:50.886013+00:00,1733309049.35974,2024-12-04T10:44:09.359740+00:00,37.307895449797314
04122024_1000_4,2024-12-04,10:00,4,recovered_unique,,True,CSN4,1,18,1733307966.95651,2024-12-04T10:26:06.956510+00:00,1733308938.714776,2024-12-04T10:42:18.714776+00:00,16.195971099535623
04122024_1000_6,2024-12-04,10:00,6,recovered_unique,high,True,CSN6,1,7,1733307698.56756,2024-12-04T10:21:38.567560+00:00,1733308715.520619,2024-12-04T10:38:35.520619+00:00,16.949217649300895
04122024_1000_8,2024-12-04,10:00,8,recovered_unique,high,True,CSN8,1,12,1733308061.376265,2024-12-04T10:27:41.376265+00:00,1733308801.125752,2024-12-04T10:40:01.125752+00:00,12.329158115386964
04122024_1000_12,2024-12-04,10:00,12,recovered_unique,high,True,CSN9,1,19,1733308238.694735,2024-12-04T10:30:38.694735+00:00,1733309000.781963,2024-12-04T10:43:20.781963+00:00,12.701453800996145
04122024_1000_13,2024-12-04,10:00,13,recovered_unique,,True,CSN13,1,15,1733307981.345474,2024-12-04T10:26:21.345474+00:00,1733308716.062392,2024-12-04T10:38:36.062392+00:00,12.245281966527303
04122024_1000_14,2024-12-04,10:00,14,recovered_unique,high,True,CSN14,1,7,1733308367.27699,2024-12-04T10:32:47.276990+00:00,1733308940.558247,2024-12-04T10:42:20.558247+00:00,9.55468761920929
04122024_1000_16,2024-12-04,10:00,16,recovered_unique,high,True,CSN16,1,24,1733307309.492883,2024-12-04T10:15:09.492883+00:00,1733308988.789044,2024-12-04T10:43:08.789044+00:00,27.98826934893926
04122024_1000_18,2024-12-04,10:00,18,recovered_unique,high,True,CSN18,1,11,1733308330.861773,2024-12-04T10:32:10.861773+00:00,1733309019.320286,2024-12-04T10:43:39.320286+00:00,11.474308550357819
04122024_1000_20,2024-12-04,10:00,20,recovered_unique,high,True,CSN20,2,2,1733307865.151871,2024-12-04T10:24:25.151871+00:00,1733307865.490821,2024-12-04T10:24:25.490821+00:00,0.005649165312449137
04122024_1007_0,2024-12-04,10:07,0,synthetic_from_conv_time,synthetic_low,True,CSN6,1,1,1733306855.611458,2024-12-04T10:07:35.611458+00:00,1733306855.611458,2024-12-04T10:07:35.611458+00:00,0.0
04122024_1015_0,2024-12-04,10:15,0,synthetic_from_conv_time,synthetic_low,True,CSN3;CSN9,2,24,1733307303.882603,2024-12-04T10:15:03.882603+00:00,1733309137.815274,2024-12-04T10:45:37.815274+00:00,30.565544517834983
04122024_1023_17,2024-12-04,10:23,17,recovered_unique,high,True,CSN17,1,8,1733307824.426665,2024-12-04T10:23:44.426665+00:00,1733308411.254776,2024-12-04T10:33:31.254776+00:00,9.780468515555064
04122024_1025_10,2024-12-04,10:25,10,recovered_unique,high,True,CSN10,1,15,1733394362.58948,2024-12-05T10:26:02.589480+00:00,1733395068.478321,2024-12-05T10:37:48.478321+00:00,11.764814019203186
04122024_1025_22,2024-12-04,10:25,22,recovered_unique,high,True,CSN22,1,21,1733307926.031292,2024-12-04T10:25:26.031292+00:00,1733309107.57588,2024-12-04T10:45:07.575880+00:00,19.692409801483155
04122024_1026_0,2024-12-04,10:26,0,synthetic_from_conv_time,synthetic_low,True,CSN15,1,32,1733307974.302715,2024-12-04T10:26:14.302715+00:00,1733309058.869626,2024-12-04T10:44:18.869626+00:00,18.076115183035533
04122024_1027_0,2024-12-04,10:27,0,synthetic_from_conv_time,synthetic_low,True,CSN19,1,11,1733308074.063704,2024-12-04T10:27:54.063704+00:00,1733308499.417979,2024-12-04T10:34:59.417979+00:00,7.089237916469574
04122024_1028_4,2024-12-04,10:28,4,recovered_unique,,True,CSN10,1,21,1733308117.479121,2024-12-04T10:28:37.479121+00:00,1733308999.408456,2024-12-04T10:43:19.408456+00:00,14.698822251955669
04122024_1029_0,2024-12-04,10:29,0,synthetic_from_conv_time,synthetic_low,True,CSN11,1,4,1733308158.911319,2024-12-04T10:29:18.911319+00:00,1733308778.751829,2024-12-04T10:39:38.751829+00:00,10.3306751648585
04122024_1030_0,2024-12-04,10:30,0,synthetic_from_conv_time,synthetic_low,True,CSN2,1,14,1733308211.834633,2024-12-04T10:30:11.834633+00:00,1733308853.865837,2024-12-04T10:40:53.865837+00:00,10.700520066420237
04122024_1030_5,2024-12-04,10:30,5,recovered_unique,,True,CSN5,1,10,1733308282.74688,2024-12-04T10:31:22.746880+00:00,1733308954.933287,2024-12-04T10:42:34.933287+00:00,11.203106780846914
04122024_1033_0,2024-12-04,10:33,0,synthetic_from_conv_time,synthetic_low,True,CSN21,1,6,1733308414.772625,2024-12-04T10:33:34.772625+00:00,1733308781.688985,2024-12-04T10:39:41.688985+00:00,6.115272668997447
04122024_1035_0,2024-12-04,10:35,0,synthetic_from_conv_time,synthetic_low,True,CSN7,1,13,1733308507.423595,2024-12-04T10:35:07.423595+00:00,1733309023.627053,2024-12-04T10:43:43.627053+00:00,8.603390967845916
04122024_1040_0,2024-12-04,10:40,0,synthetic_from_conv_time,synthetic_low,True,CSN13,1,5,1733308801.716155,2024-12-04T10:40:01.716155+00:00,1733309084.017623,2024-12-04T10:44:44.017623+00:00,4.70502446492513
04122024_1043_0,2024-12-04,10:43,0,synthetic_from_conv_time,synthetic_low,True,CSN8,1,9,1733309006.428855,2024-12-04T10:43:26.428855+00:00,1733309176.606207,2024-12-04T10:46:16.606207+00:00,2.8362891991933186
04122024_1104_0,2024-12-04,11:04,0,synthetic_from_conv_time,synthetic_low,True,CSN20,1,1,1733310276.073875,2024-12-04T11:04:36.073875+00:00,1733310276.073875,2024-12-04T11:04:36.073875+00:00,0.0
04122024_1115_3,2024-12-04,11:15,3,recovered_unique,high,True,CSN3,1,23,1733312365.665924,2024-12-04T11:39:25.665924+00:00,1733313052.804215,2024-12-04T11:50:52.804215+00:00,11.452304848035176
04122024_1115_4,2024-12-04,11:15,4,recovered_unique,high,True,CSN4,1,25,1733312465.026709,2024-12-04T11:41:05.026709+00:00,1733313616.046141,2024-12-04T12:00:16.046141+00:00,19.18365719715754
04122024_1115_9,2024-12-04,11:15,9,recovered_unique,high,True,CSN9,1,21,1733312340.851775,2024-12-04T11:39:00.851775+00:00,1733313472.228934,2024-12-04T11:57:52.228934+00:00,18.856285985310873
04122024_1115_10,2024-12-04,11:15,10,recovered_unique,,True,CSN10,1,9,1733312929.901407,2024-12-04T11:48:49.901407+00:00,1733313659.490227,2024-12-04T12:00:59.490227+00:00,12.15981366634369
04122024_1115_14,2024-12-04,11:15,14,recovered_unique,high,True,CSN14,1,14,1733312905.812529,2024-12-04T11:48:25.812529+00:00,1733313690.348172,2024-12-04T12:01:30.348172+00:00,13.075594047705332
04122024_1115_15,2024-12-04,11:15,15,recovered_unique,high,True,CSN15,1,12,1733312803.967163,2024-12-04T11:46:43.967163+00:00,1733313718.651009,2024-12-04T12:01:58.651009+00:00,15.244730766614278
04122024_1133_0,2024-12-04,11:33,0,synthetic_from_conv_time,synthetic_low,True,CSN7,1,21,1733311999.470935,2024-12-04T11:33:19.470935+00:00,1733313542.79933,2024-12-04T11:59:02.799330+00:00,25.722139914830525
04122024_1140_12,2024-12-04,11:40,12,recovered_unique,high,True,CSN9,1,10,1733312457.108694,2024-12-04T11:40:57.108694+00:00,1733313244.25169,2024-12-04T11:54:04.251690+00:00,13.11904993057251
04122024_1142_22,2024-12-04,11:42,22,recovered_unique,,True,CSN22,1,10,1733312479.113766,2024-12-04T11:41:19.113766+00:00,1733313219.965269,2024-12-04T11:53:39.965269+00:00,12.347525052229564
04122024_1145_18,2024-12-04,11:45,18,recovered_unique,high,True,CSN18,1,16,1733312767.016681,2024-12-04T11:46:07.016681+00:00,1733313496.275201,2024-12-04T11:58:16.275201+00:00,12.15430866877238
04122024_1145_19,2024-12-04,11:45,19,recovered_unique,high,True,CSN19,1,5,1733312733.790392,2024-12-04T11:45:33.790392+00:00,1733313101.953418,2024-12-04T11:51:41.953418+00:00,6.136050434907277
04122024_1146_11,2024-12-04,11:46,11,imputed_from_multi_candidates,imputed_medium,True,CSN11,1,26,1733312766.780677,2024-12-04T11:46:06.780677+00:00,1733313716.12663,2024-12-04T12:01:56.126630+00:00,15.822432549794515
04122024_1147_2,2024-12-04,11:47,2,recovered_unique,high,True,CSN2,1,11,1733312872.993856,2024-12-04T11:47:52.993856+00:00,1733313435.469895,2024-12-04T11:57:15.469895+00:00,9.374600648880005
04122024_1148_0,2024-12-04,11:48,0,synthetic_from_conv_time,synthetic_low,True,CSN20,1,11,1733312894.958686,2024-12-04T11:48:14.958686+00:00,1733313415.307886,2024-12-04T11:56:55.307886+00:00,8.672486662864685
04122024_1151_5,2024-12-04,11:51,5,recovered_unique,high,True,CSN5,1,1,1733313084.271052,2024-12-04T11:51:24.271052+00:00,1733313084.271052,2024-12-04T11:51:24.271052+00:00,0.0
04122024_1151_13,2024-12-04,11:51,13,recovered_unique,high,True,CSN13,1,3,1733313105.412874,2024-12-04T11:51:45.412874+00:00,1733313263.329062,2024-12-04T11:54:23.329062+00:00,2.6319364666938783
04122024_1152_0,2024-12-04,11:52,0,synthetic_from_conv_time,synthetic_low,True,CSN6,1,9,1733313121.950755,2024-12-04T11:52:01.950755+00:00,1733313686.064387,2024-12-04T12:01:26.064387+00:00,9.401893870035808
04122024_1154_16,2024-12-04,11:54,16,recovered_unique,high,True,CSN16,1,3,1733313286.743861,2024-12-04T11:54:46.743861+00:00,1733313637.430825,2024-12-04T12:00:37.430825+00:00,5.844782733917237
04122024_1214_0,2024-12-04,12:14,0,synthetic_from_conv_time,synthetic_low,True,CSN21,1,6,1733314494.471956,2024-12-04T12:14:54.471956+00:00,1733314719.551686,2024-12-04T12:18:39.551686+00:00,3.7513288338979085
04122024_1230_4,2024-12-04,12:30,4,recovered_unique,high,True,CSN4,1,9,1733316758.98054,2024-12-04T12:52:38.980540+00:00,1733317644.94164,2024-12-04T13:07:24.941640+00:00,14.766018331050873
04122024_1230_5,2024-12-04,12:30,5,recovered_unique,,True,CSN5,1,1,1733316862.106744,2024-12-04T12:54:22.106744+00:00,1733316862.106744,2024-12-04T12:54:22.106744+00:00,0.0
04122024_1230_9,2024-12-04,12:30,9,recovered_unique,high,True,CSN9,1,15,1733316882.38818,2024-12-04T12:54:42.388180+00:00,1733317758.917154,2024-12-04T13:09:18.917154+00:00,14.608816234270732
04122024_1230_13,2024-12-04,12:30,13,recovered_unique,high,True,CSN13,1,4,1733316785.570252,2024-12-04T12:53:05.570252+00:00,1733317395.50734,2024-12-04T13:03:15.507340+00:00,10.165618133544921
04122024_1230_17,2024-12-04,12:30,17,recovered_unique,high,True,CSN17,1,20,1733316784.198791,2024-12-04T12:53:04.198791+00:00,1733317811.459407,2024-12-04T13:10:11.459407+00:00,17.121010267734526
04122024_1230_18,2024-12-04,12:30,18,recovered_unique,high,True,CSN18,1,15,1733316713.384329,2024-12-04T12:51:53.384329+00:00,1733317834.152227,2024-12-04T13:10:34.152227+00:00,18.679464964071908
04122024_1230_20,2024-12-04,12:30,20,recovered_unique,high,True,CSN20,1,7,1733316922.485333,2024-12-04T12:55:22.485333+00:00,1733317672.649044,2024-12-04T13:07:52.649044+00:00,12.50272851785024
04122024_1235_20,2024-12-04,12:35,20,recovered_unique,,True,CSN2,1,1,1733315752.157357,2024-12-04T12:35:52.157357+00:00,1733315752.157357,2024-12-04T12:35:52.157357+00:00,0.0
04122024_1245_0,2024-12-04,12:45,0,synthetic_from_conv_time,synthetic_low,True,CSN9,1,34,1733316350.354521,2024-12-04T12:45:50.354521+00:00,1733317471.945825,2024-12-04T13:04:31.945825+00:00,18.693188401063285
04122024_1249_14,2024-12-04,12:49,14,recovered_unique,high,True,CSN14,1,3,1733316574.139055,2024-12-04T12:49:34.139055+00:00,1733317500.413907,2024-12-04T13:05:00.413907+00:00,15.43791420062383
04122024_1252_22,2024-12-04,12:52,22,recovered_unique,high,True,CSN22,1,10,1733316766.63527,2024-12-04T12:52:46.635270+00:00,1733317547.840099,2024-12-04T13:05:47.840099+00:00,13.020080482959747
04122024_1253_11,2024-12-04,12:53,11,recovered_unique,high,True,CSN11,1,13,1733316849.832746,2024-12-04T12:54:09.832746+00:00,1733317623.015194,2024-12-04T13:07:03.015194+00:00,12.886374131838481
04122024_1253_21,2024-12-04,12:53,21,recovered_unique,high,True,CSN21,1,16,1733316849.102838,2024-12-04T12:54:09.102838+00:00,1733317795.295237,2024-12-04T13:09:55.295237+00:00,15.769873317082723
04122024_1254_0,2024-12-04,12:54,0,synthetic_from_conv_time,synthetic_low,True,CSN15;CSN7,2,14,1733316866.416876,2024-12-04T12:54:26.416876+00:00,1733317521.866403,2024-12-04T13:05:21.866403+00:00,10.924158783753713
04122024_1255_0,2024-12-04,12:55,0,synthetic_from_conv_time,synthetic_low,True,CSN19,1,23,1733316930.460395,2024-12-04T12:55:30.460395+00:00,1733317810.475113,2024-12-04T13:10:10.475113+00:00,14.666911963621775
04122024_1256_16,2024-12-04,12:56,16,recovered_unique,high,True,CSN16,1,23,1733317003.676171,2024-12-04T12:56:43.676171+00:00,1733317801.092434,2024-12-04T13:10:01.092434+00:00,13.290271047751109
04122024_1300_1,2024-12-04,13:00,1,recovered_unique,high,True,CSN1,1,12,1733316996.315119,2024-12-04T12:56:36.315119+00:00,1733317915.079196,2024-12-04T13:11:55.079196+00:00,15.312734615802764
04122024_1300_3,2024-12-04,13:00,3,recovered_unique,high,True,CSN3,1,1,1733316927.065174,2024-12-04T12:55:27.065174+00:00,1733316927.065174,2024-12-04T12:55:27.065174+00:00,0.0
04122024_1300_21,2024-12-04,13:00,21,recovered_unique,high,True,CSN21,1,7,1733308104.767784,2024-12-04T10:28:24.767784+00:00,1733309106.069626,2024-12-04T10:45:06.069626+00:00,16.688364032904307
04122024_1305_0,2024-12-04,13:05,0,synthetic_from_conv_time,synthetic_low,True,CSN7,1,3,1733317547.904747,2024-12-04T13:05:47.904747+00:00,1733317593.367486,2024-12-04T13:06:33.367486+00:00,0.7577123165130615
04122024_1306_0,2024-12-04,13:06,0,synthetic_from_conv_time,synthetic_low,True,CSN10,1,1,1733317605.395633,2024-12-04T13:06:45.395633+00:00,1733317605.395633,2024-12-04T13:06:45.395633+00:00,0.0
04122024_1308_0,2024-12-04,13:08,0,synthetic_from_conv_time,synthetic_low,True,CSN15;CSN9,2,6,1733317719.891032,2024-12-04T13:08:39.891032+00:00,1733317833.364379,2024-12-04T13:10:33.364379+00:00,1.8912224491437277
04122024_1308_8,2024-12-04,13:08,8,recovered_unique,high,True,CSN8,1,2,1733317719.44446,2024-12-04T13:08:39.444460+00:00,1733317780.080402,2024-12-04T13:09:40.080402+00:00,1.0105990330378214
04122024_1310_0,2024-12-04,13:10,0,synthetic_from_conv_time,synthetic_low,True,CSN4,1,1,1733317826.511676,2024-12-04T13:10:26.511676+00:00,1733317826.511676,2024-12-04T13:10:26.511676+00:00,0.0
04122024_1345_1,2024-12-04,13:45,1,recovered_unique,high,True,CSN1,1,8,1733321719.19555,2024-12-04T14:15:19.195550+00:00,1733322309.32894,2024-12-04T14:25:09.328940+00:00,9.83555649916331
04122024_1345_3,2024-12-04,13:45,3,recovered_unique,high,True,CSN3,1,37,1733320668.885808,2024-12-04T13:57:48.885808+00:00,1733321746.215133,2024-12-04T14:15:46.215133+00:00,17.955488749345143
04122024_1345_6,2024-12-04,13:45,6,recovered_unique,high,True,CSN6,1,10,1733321733.087188,2024-12-04T14:15:33.087188+00:00,1733322402.694295,2024-12-04T14:26:42.694295+00:00,11.160118448734284
04122024_1345_7,2024-12-04,13:45,7,imputed_from_multi_candidates,imputed_medium,True,CSN7,1,8,1733321005.159644,2024-12-04T14:03:25.159644+00:00,1733321726.625275,2024-12-04T14:15:26.625275+00:00,12.024427183469136
04122024_1345_9,2024-12-04,13:45,9,recovered_unique,,True,CSN9,1,16,1733321377.696404,2024-12-04T14:09:37.696404+00:00,1733322121.522627,2024-12-04T14:22:01.522627+00:00,12.397103718916576
04122024_1345_10,2024-12-04,13:45,10,recovered_unique,high,True,CSN10,1,20,1733321030.748535,2024-12-04T14:03:50.748535+00:00,1733321796.10938,2024-12-04T14:16:36.109380+00:00,12.756014084815979
04122024_1345_13,2024-12-04,13:45,13,recovered_unique,high,True,CSN13,1,27,1733320845.583157,2024-12-04T14:00:45.583157+00:00,1733321722.981461,2024-12-04T14:15:22.981461+00:00,14.623305066426594
04122024_1345_17,2024-12-04,13:45,17,recovered_unique,high,True,CSN17,1,1,1733321797.663477,2024-12-04T14:16:37.663477+00:00,1733321797.663477,2024-12-04T14:16:37.663477+00:00,0.0
04122024_1347_0,2024-12-04,13:47,0,synthetic_from_conv_time,synthetic_low,True,CSN15,1,3,1733320033.231331,2024-12-04T13:47:13.231331+00:00,1733321404.980403,2024-12-04T14:10:04.980403+00:00,22.86248453060786
04122024_1347_20,2024-12-04,13:47,20,imputed_from_multi_candidates,imputed_medium,True,CSN8,1,37,1733320054.094502,2024-12-04T13:47:34.094502+00:00,1733321737.949482,2024-12-04T14:15:37.949482+00:00,28.064249666531882
04122024_1358_0,2024-12-04,13:58,0,synthetic_from_conv_time,synthetic_low,True,CSN21,1,3,1733320721.725272,2024-12-04T13:58:41.725272+00:00,1733321755.528869,2024-12-04T14:15:55.528869+00:00,17.230059949556985
04122024_1400_12,2024-12-04,14:00,12,recovered_unique,high,True,CSN9,1,1,1733321298.238949,2024-12-04T14:08:18.238949+00:00,1733321298.238949,2024-12-04T14:08:18.238949+00:00,0.0
04122024_1402_0,2024-12-04,14:02,0,synthetic_from_conv_time,synthetic_low,True,CSN15,1,3,1733320965.707469,2024-12-04T14:02:45.707469+00:00,1733321098.773304,2024-12-04T14:04:58.773304+00:00,2.217763916651408
04122024_1402_18,2024-12-04,14:02,18,recovered_unique,high,True,CSN18,1,16,1733320501.163253,2024-12-04T13:55:01.163253+00:00,1733321601.671158,2024-12-04T14:13:21.671158+00:00,18.34179841677348
04122024_1404_16,2024-12-04,14:04,16,recovered_unique,high,True,CSN16,1,18,1733321073.955244,2024-12-04T14:04:33.955244+00:00,1733322048.593222,2024-12-04T14:20:48.593222+00:00,16.243966297308603
04122024_1410_5,2024-12-04,14:10,5,recovered_unique,,True,CSN15,1,14,1733321426.924423,2024-12-04T14:10:26.924423+00:00,1733322333.350271,2024-12-04T14:25:33.350271+00:00,15.107097466786703
04122024_1416_0,2024-12-04,14:16,0,synthetic_from_conv_time,synthetic_low,True,CSN20,1,2,1733321768.253045,2024-12-04T14:16:08.253045+00:00,1733322275.033936,2024-12-04T14:24:35.033936+00:00,8.446348182360332
04122024_1416_4,2024-12-04,14:16,4,recovered_unique,,True,CSN8,1,11,1733321794.489876,2024-12-04T14:16:34.489876+00:00,1733336053.518196,2024-12-04T18:14:13.518196+00:00,237.6504720012347
04122024_1421_0,2024-12-04,14:21,0,synthetic_from_conv_time,synthetic_low,True,CSN18,1,1,1733322065.183039,2024-12-04T14:21:05.183039+00:00,1733322065.183039,2024-12-04T14:21:05.183039+00:00,0.0
04122024_1422_22,2024-12-04,14:22,22,imputed_from_multi_candidates,imputed_medium,True,CSN22,1,4,1733322148.909345,2024-12-04T14:22:28.909345+00:00,1733322336.51876,2024-12-04T14:25:36.518760+00:00,3.126823584238688
04122024_1436_0,2024-12-04,14:36,0,synthetic_from_conv_time,synthetic_low,True,CSN21,1,5,1733323006.385464,2024-12-04T14:36:46.385464+00:00,1733323153.43884,2024-12-04T14:39:13.438840+00:00,2.450889599323273
04122024_1454_0,2024-12-04,14:54,0,synthetic_from_conv_time,synthetic_low,True,CSN17,1,1,1733324050.609203,2024-12-04T14:54:10.609203+00:00,1733324050.609203,2024-12-04T14:54:10.609203+00:00,0.0
04122024_1500_1,2024-12-04,15:00,1,recovered_unique,high,True,CSN1,1,8,1733325778.158597,2024-12-04T15:22:58.158597+00:00,1733326566.333522,2024-12-04T15:36:06.333522+00:00,13.136248751481373
04122024_1500_2,2024-12-04,15:00,2,recovered_unique,high,True,CSN2,1,13,1733325606.14529,2024-12-04T15:20:06.145290+00:00,1733326749.042961,2024-12-04T15:39:09.042961+00:00,19.04829451640447
04122024_1500_3,2024-12-04,15:00,3,recovered_unique,high,True,CSN3,1,6,1733326183.043958,2024-12-04T15:29:43.043958+00:00,1733326703.763857,2024-12-04T15:38:23.763857+00:00,8.678664982318878
04122024_1500_4,2024-12-04,15:00,4,recovered_unique,high,True,CSN4,1,11,1733325234.028959,2024-12-04T15:13:54.028959+00:00,1733326488.580866,2024-12-04T15:34:48.580866+00:00,20.909198451042176
04122024_1500_8,2024-12-04,15:00,8,recovered_unique,high,True,CSN8,1,18,1733325394.696341,2024-12-04T15:16:34.696341+00:00,1733326595.040301,2024-12-04T15:36:35.040301+00:00,20.005732667446136
04122024_1500_9,2024-12-04,15:00,9,recovered_unique,high,True,CSN9,1,10,1733326085.135468,2024-12-04T15:28:05.135468+00:00,1733326725.136139,2024-12-04T15:38:45.136139+00:00,10.666677848498027
04122024_1500_11,2024-12-04,15:00,11,recovered_unique,high,True,CSN10;CSN11,2,16,1733325489.015233,2024-12-04T15:18:09.015233+00:00,1733326617.315282,2024-12-04T15:36:57.315282+00:00,18.805000817775728
04122024_1500_14,2024-12-04,15:00,14,recovered_unique,high,True,CSN14,1,1,1733325448.201209,2024-12-04T15:17:28.201209+00:00,1733325448.201209,2024-12-04T15:17:28.201209+00:00,0.0
04122024_1500_15,2024-12-04,15:00,15,recovered_unique,high,True,CSN15,1,1,1733326095.315063,2024-12-04T15:28:15.315063+00:00,1733326095.315063,2024-12-04T15:28:15.315063+00:00,0.0
04122024_1500_16,2024-12-04,15:00,16,recovered_unique,high,True,CSN16,1,8,1733325847.213246,2024-12-04T15:24:07.213246+00:00,1733326696.356194,2024-12-04T15:38:16.356194+00:00,14.152382465203603
04122024_1500_20,2024-12-04,15:00,20,recovered_unique,high,True,CSN20,1,11,1733325811.581381,2024-12-04T15:23:31.581381+00:00,1733326750.579996,2024-12-04T15:39:10.579996+00:00,15.6499769171079
04122024_1500_21,2024-12-04,15:00,21,recovered_unique,high,True,CSN21,1,18,1733326022.298666,2024-12-04T15:27:02.298666+00:00,1733326763.56033,2024-12-04T15:39:23.560330+00:00,12.35436106522878
04122024_1500_22,2024-12-04,15:00,22,recovered_unique,high,True,CSN22,1,27,1733325547.51805,2024-12-04T15:19:07.518050+00:00,1733326677.708256,2024-12-04T15:37:57.708256+00:00,18.836503434181214
04122024_1520_18,2024-12-04,15:20,18,recovered_unique,high,True,CSN18,1,15,1733325586.952644,2024-12-04T15:19:46.952644+00:00,1733326414.196374,2024-12-04T15:33:34.196374+00:00,13.787395497163137
04122024_1524_5,2024-12-04,15:24,5,recovered_unique,high,True,CSN5,1,32,1733325901.088165,2024-12-04T15:25:01.088165+00:00,1733326789.898162,2024-12-04T15:39:49.898162+00:00,14.813499947388967
04122024_1526_12,2024-12-04,15:26,12,recovered_unique,high,True,CSN9,1,11,1733326034.175879,2024-12-04T15:27:14.175879+00:00,1733326774.36873,2024-12-04T15:39:34.368730+00:00,12.33654751777649
04122024_1527_17,2024-12-04,15:27,17,recovered_unique,high,True,CSN17,1,11,1733326054.705529,2024-12-04T15:27:34.705529+00:00,1733326570.925943,2024-12-04T15:36:10.925943+00:00,8.603673565387727
04122024_1530_0,2024-12-04,15:30,0,synthetic_from_conv_time,synthetic_low,True,CSN6,1,5,1733326216.926282,2024-12-04T15:30:16.926282+00:00,1733326770.830447,2024-12-04T15:39:30.830447+00:00,9.23173608382543
04122024_1536_19,2024-12-04,15:36,19,recovered_unique,high,True,CSN19,1,4,1733326589.002748,2024-12-04T15:36:29.002748+00:00,1733326773.306397,2024-12-04T15:39:33.306397+00:00,3.071727482477824
04122024_1539_0,2024-12-04,15:39,0,synthetic_from_conv_time,synthetic_low,True,CSN4,1,3,1733326787.085887,2024-12-04T15:39:47.085887+00:00,1733326831.185961,2024-12-04T15:40:31.185961+00:00,0.7350012342135112
04122024_1543_4,2024-12-04,15:43,4,recovered_unique,,True,CSN7,1,5,1733327027.319602,2024-12-04T15:43:47.319602+00:00,1733327258.65832,2024-12-04T15:47:38.658320+00:00,3.8556452989578247
04122024_1545_0,2024-12-04,15:45,0,synthetic_from_conv_time,synthetic_low,True,CSN3,1,3,1733327145.577381,2024-12-04T15:45:45.577381+00:00,1733330545.470447,2024-12-04T16:42:25.470447+00:00,56.66488443613052
04122024_1612_14,2024-12-04,16:12,14,recovered_unique,high,True,CSN14,1,11,1733321561.046196,2024-12-04T14:12:41.046196+00:00,1733322087.785683,2024-12-04T14:21:27.785683+00:00,8.778991448879243
04122024_1615_1,2024-12-04,16:15,1,recovered_unique,high,True,CSN1,1,3,1733329994.144206,2024-12-04T16:33:14.144206+00:00,1733330113.368043,2024-12-04T16:35:13.368043+00:00,1.9870639483133952
04122024_1615_8,2024-12-04,16:15,8,recovered_unique,high,True,CSN8,1,2,1733330686.849127,2024-12-04T16:44:46.849127+00:00,1733330788.56862,2024-12-04T16:46:28.568620+00:00,1.6953248818715414
04122024_1615_9,2024-12-04,16:15,9,recovered_unique,high,True,CSN9,1,10,1733330820.192474,2024-12-04T16:47:00.192474+00:00,1733331286.468621,2024-12-04T16:54:46.468621+00:00,7.771269118785858
04122024_1615_11,2024-12-04,16:15,11,recovered_unique,high,True,CSN11,1,9,1733330195.654107,2024-12-04T16:36:35.654107+00:00,1733331130.54551,2024-12-04T16:52:10.545510+00:00,15.581523382663727
04122024_1615_13,2024-12-04,16:15,13,recovered_unique,high,True,CSN13,1,6,1733330266.675659,2024-12-04T16:37:46.675659+00:00,1733331065.559688,2024-12-04T16:51:05.559688+00:00,13.31473381916682
04122024_1615_14,2024-12-04,16:15,14,recovered_unique,high,True,CSN14,1,11,1733329982.586229,2024-12-04T16:33:02.586229+00:00,1733330732.717766,2024-12-04T16:45:32.717766+00:00,12.502192282676697
04122024_1615_15,2024-12-04,16:15,15,recovered_unique,high,True,CSN15,1,5,1733330850.926204,2024-12-04T16:47:30.926204+00:00,1733331099.113894,2024-12-04T16:51:39.113894+00:00,4.136461500326792
04122024_1615_16,2024-12-04,16:15,16,recovered_unique,high,True,CSN16,1,19,1733330068.987802,2024-12-04T16:34:28.987802+00:00,1733331125.025529,2024-12-04T16:52:05.025529+00:00,17.600628781318665
04122024_1615_18,2024-12-04,16:15,18,recovered_unique,high,True,CSN18,1,13,1733330121.576754,2024-12-04T16:35:21.576754+00:00,1733331105.512055,2024-12-04T16:51:45.512055+00:00,16.39892168045044
04122024_1615_21,2024-12-04,16:15,21,recovered_unique,high,True,CSN21,1,6,1733330216.906902,2024-12-04T16:36:56.906902+00:00,1733331074.579541,2024-12-04T16:51:14.579541+00:00,14.294543981552124
04122024_1630_5,2024-12-04,16:30,5,recovered_unique,high,True,CSN5,1,17,1733329871.454395,2024-12-04T16:31:11.454395+00:00,1733330877.036609,2024-12-04T16:47:57.036609+00:00,16.75970356464386
04122024_1634_0,2024-12-04,16:34,0,synthetic_from_conv_time,synthetic_low,True,CSN20,1,4,1733330097.658561,2024-12-04T16:34:57.658561+00:00,1733331037.043526,2024-12-04T16:50:37.043526+00:00,15.656416082382203
04122024_1634_6,2024-12-04,16:34,6,recovered_unique,high,True,CSN6,1,18,1733330092.873818,2024-12-04T16:34:52.873818+00:00,1733331039.197331,2024-12-04T16:50:39.197331+00:00,15.772058550516764
04122024_1642_0,2024-12-04,16:42,0,synthetic_from_conv_time,synthetic_low,True,CSN17,1,5,1733330533.462958,2024-12-04T16:42:13.462958+00:00,1733331059.114668,2024-12-04T16:50:59.114668+00:00,8.760861829916637
04122024_1645_19,2024-12-04,16:45,19,recovered_unique,high,True,CSN19,1,18,1733330077.776535,2024-12-04T16:34:37.776535+00:00,1733331083.538492,2024-12-04T16:51:23.538492+00:00,16.762699282169343
04122024_1646_0,2024-12-04,16:46,0,synthetic_from_conv_time,synthetic_low,True,CSN2;CSN7,2,8,1733330773.472818,2024-12-04T16:46:13.472818+00:00,1733331114.441738,2024-12-04T16:51:54.441738+00:00,5.682815333207448
04122024_1730_3,2024-12-04,17:30,3,recovered_unique,high,True,CSN3,1,12,1733334472.723228,2024-12-04T17:47:52.723228+00:00,1733335118.736956,2024-12-04T17:58:38.736956+00:00,10.766895465056102
04122024_1730_6,2024-12-04,17:30,6,recovered_unique,high,True,CSN6,1,7,1733335008.584726,2024-12-04T17:56:48.584726+00:00,1733335674.391911,2024-12-04T18:07:54.391911+00:00,11.096786415576934
04122024_1730_9,2024-12-04,17:30,9,recovered_unique,high,True,CSN9,1,5,1733334930.353517,2024-12-04T17:55:30.353517+00:00,1733335531.773762,2024-12-04T18:05:31.773762+00:00,10.023670748869579
04122024_1730_11,2024-12-04,17:30,11,recovered_unique,high,True,CSN11,1,6,1733334633.090556,2024-12-04T17:50:33.090556+00:00,1733335199.425363,2024-12-04T17:59:59.425363+00:00,9.438913452625275
04122024_1730_12,2024-12-04,17:30,12,recovered_unique,high,True,CSN9,1,9,1733334952.295456,2024-12-04T17:55:52.295456+00:00,1733335269.563425,2024-12-04T18:01:09.563425+00:00,5.287799485524496
04122024_1730_13,2024-12-04,17:30,13,recovered_unique,high,True,CSN13,1,2,1733335558.335275,2024-12-04T18:05:58.335275+00:00,1733335651.333729,2024-12-04T18:07:31.333729+00:00,1.5499742348988852
04122024_1730_16,2024-12-04,17:30,16,recovered_unique,high,True,CSN16,1,7,1733334994.73737,2024-12-04T17:56:34.737370+00:00,1733335571.543674,2024-12-04T18:06:11.543674+00:00,9.613438399632772
04122024_1730_17,2024-12-04,17:30,17,recovered_unique,high,True,CSN17,1,6,1733334715.422066,2024-12-04T17:51:55.422066+00:00,1733335376.738095,2024-12-04T18:02:56.738095+00:00,11.021933817863465
04122024_1730_19,2024-12-04,17:30,19,recovered_unique,,True,CSN19,1,2,1733335677.790995,2024-12-04T18:07:57.790995+00:00,1733335698.954338,2024-12-04T18:08:18.954338+00:00,0.3527223865191142
04122024_1748_15,2024-12-04,17:48,15,recovered_unique,high,True,CSN15,1,24,1733334079.909691,2024-12-04T17:41:19.909691+00:00,1733335588.808119,2024-12-04T18:06:28.808119+00:00,25.148307132720948
04122024_1749_20,2024-12-04,17:49,20,recovered_unique,high,True,CSN20,1,10,1733334562.8485,2024-12-04T17:49:22.848500+00:00,1733335534.559848,2024-12-04T18:05:34.559848+00:00,16.195189134279886
04122024_1753_7,2024-12-04,17:53,7,imputed_from_multi_candidates,imputed_medium,True,CSN7,1,6,1733334760.863219,2024-12-04T17:52:40.863219+00:00,1733335454.626179,2024-12-04T18:04:14.626179+00:00,11.56271599928538
04122024_1756_0,2024-12-04,17:56,0,synthetic_from_conv_time,synthetic_low,True,CSN10,1,16,1733335008.734856,2024-12-04T17:56:48.734856+00:00,1733335834.356672,2024-12-04T18:10:34.356672+00:00,13.760363602638245
04122024_1800_0,2024-12-04,18:00,0,synthetic_from_conv_time,synthetic_low,True,CSN4,1,9,1733335219.604027,2024-12-04T18:00:19.604027+00:00,1733335538.599181,2024-12-04T18:05:38.599181+00:00,5.316585898399353
04122024_1803_0,2024-12-04,18:03,0,synthetic_from_conv_time,synthetic_low,True,CSN2,1,5,1733335411.946632,2024-12-04T18:03:31.946632+00:00,1733335628.710921,2024-12-04T18:07:08.710921+00:00,3.6127381523450217
04122024_1804_0,2024-12-04,18:04,0,synthetic_from_conv_time,synthetic_low,True,CSN14,1,6,1733335461.380014,2024-12-04T18:04:21.380014+00:00,1733335654.237907,2024-12-04T18:07:34.237907+00:00,3.214298216501872
05122024_0642_2,2024-12-05,06:42,2,recovered_unique,,True,CSN8,1,9,1733393939.398006,2024-12-05T10:18:59.398006+00:00,1733394883.440543,2024-12-05T10:34:43.440543+00:00,15.734042282899221
05122024_1000_2,2024-12-05,10:00,2,recovered_unique,high,True,CSN2,1,24,1733393935.837018,2024-12-05T10:18:55.837018+00:00,1733395183.705867,2024-12-05T10:39:43.705867+00:00,20.797814150651295
05122024_1000_7,2024-12-05,10:00,7,recovered_unique,high,True,CSN7,1,13,1733393384.673398,2024-12-05T10:09:44.673398+00:00,1733395144.955491,2024-12-05T10:39:04.955491+00:00,29.338034884134927
05122024_1000_12,2024-12-05,10:00,12,recovered_unique,high,True,CSN9,1,12,1733393759.255064,2024-12-05T10:15:59.255064+00:00,1733394249.566473,2024-12-05T10:24:09.566473+00:00,8.1718568166097
05122024_1000_14,2024-12-05,10:00,14,recovered_unique,high,True,CSN14,1,2,1733394993.726092,2024-12-05T10:36:33.726092+00:00,1733395021.520153,2024-12-05T10:37:01.520153+00:00,0.46323434909184774
05122024_1000_15,2024-12-05,10:00,15,recovered_unique,high,True,CSN15,1,7,1733394863.321999,2024-12-05T10:34:23.321999+00:00,1733395185.62858,2024-12-05T10:39:45.628580+00:00,5.371776350339254
05122024_1000_16,2024-12-05,10:00,16,recovered_unique,high,True,CSN16,1,5,1733393896.839485,2024-12-05T10:18:16.839485+00:00,1733394274.297586,2024-12-05T10:24:34.297586+00:00,6.290968350569407
05122024_1000_19,2024-12-05,10:00,19,recovered_unique,high,True,CSN19,1,13,1733394192.038573,2024-12-05T10:23:12.038573+00:00,1733395005.227702,2024-12-05T10:36:45.227702+00:00,13.553152147928873
05122024_1000_20,2024-12-05,10:00,20,recovered_unique,high,True,CSN20,1,10,1733394678.508362,2024-12-05T10:31:18.508362+00:00,1733395180.136322,2024-12-05T10:39:40.136322+00:00,8.360465999444326
05122024_1000_21,2024-12-05,10:00,21,recovered_unique,high,True,CSN21,1,25,1733394176.459425,2024-12-05T10:22:56.459425+00:00,1733395148.238283,2024-12-05T10:39:08.238283+00:00,16.196314299106596
05122024_1000_22,2024-12-05,10:00,22,recovered_unique,high,True,CSN22,1,8,1733394257.875722,2024-12-05T10:24:17.875722+00:00,1733395233.491806,2024-12-05T10:40:33.491806+00:00,16.2602680683136
05122024_1018_6,2024-12-05,10:18,6,recovered_unique,high,True,CSN6,1,19,1733393894.337185,2024-12-05T10:18:14.337185+00:00,1733394556.119506,2024-12-05T10:29:16.119506+00:00,11.029705349604289
05122024_1023_3,2024-12-05,10:23,3,recovered_unique,,True,CSN1,1,14,1733394235.633278,2024-12-05T10:23:55.633278+00:00,1733395294.910241,2024-12-05T10:41:34.910241+00:00,17.654616049925487
05122024_1026_0,2024-12-05,10:26,0,synthetic_from_conv_time,synthetic_low,True,CSN3,1,1,1733394382.909874,2024-12-05T10:26:22.909874+00:00,1733394382.909874,2024-12-05T10:26:22.909874+00:00,0.0
05122024_1037_13,2024-12-05,10:37,13,recovered_unique,high,True,CSN13,1,2,1733395044.203937,2024-12-05T10:37:24.203937+00:00,1733395103.279289,2024-12-05T10:38:23.279289+00:00,0.9845891992251078
05122024_1038_18,2024-12-05,10:38,18,recovered_unique,high,True,CSN18,1,1,1733395176.805191,2024-12-05T10:39:36.805191+00:00,1733395176.805191,2024-12-05T10:39:36.805191+00:00,0.0
05122024_1039_3,2024-12-05,10:39,3,recovered_unique,high,True,CSN3,1,6,1733395168.849637,2024-12-05T10:39:28.849637+00:00,1733395934.521319,2024-12-05T10:52:14.521319+00:00,12.76119469801585
05122024_1500_4,2024-12-05,15:00,4,recovered_unique,high,True,CSN4,1,12,1733412152.459661,2024-12-05T15:22:32.459661+00:00,1733413085.885327,2024-12-05T15:38:05.885327+00:00,15.557094434897104
05122024_1500_8,2024-12-05,15:00,8,recovered_unique,high,True,CSN8,1,26,1733411565.395113,2024-12-05T15:12:45.395113+00:00,1733412986.218769,2024-12-05T15:36:26.218769+00:00,23.68039426803589
05122024_1500_10,2024-12-05,15:00,10,recovered_unique,high,True,CSN10,1,13,1733412266.702727,2024-12-05T15:24:26.702727+00:00,1733413285.143982,2024-12-05T15:41:25.143982+00:00,16.974020914236704
05122024_1500_13,2024-12-05,15:00,13,recovered_unique,high,True,CSN13,1,18,1733412217.144833,2024-12-05T15:23:37.144833+00:00,1733413129.529736,2024-12-05T15:38:49.529736+00:00,15.206415049235027
05122024_1500_14,2024-12-05,15:00,14,recovered_unique,high,True,CSN14,1,4,1733412686.307876,2024-12-05T15:31:26.307876+00:00,1733413192.703085,2024-12-05T15:39:52.703085+00:00,8.43992014726003
05122024_1500_16,2024-12-05,15:00,16,recovered_unique,high,True,CSN16,1,1,1733413045.900669,2024-12-05T15:37:25.900669+00:00,1733413045.900669,2024-12-05T15:37:25.900669+00:00,0.0
05122024_1500_18,2024-12-05,15:00,18,recovered_unique,high,True,CSN18,1,7,1733412066.873486,2024-12-05T15:21:06.873486+00:00,1733412653.36202,2024-12-05T15:30:53.362020+00:00,9.774808899561565
05122024_1500_19,2024-12-05,15:00,19,imputed_from_multi_candidates,imputed_medium,True,CSN19,1,3,1733411883.87802,2024-12-05T15:18:03.878020+00:00,1733412042.905068,2024-12-05T15:20:42.905068+00:00,2.650450797875722
05122024_1500_20,2024-12-05,15:00,20,recovered_unique,high,True,CSN20,1,4,1733412492.285955,2024-12-05T15:28:12.285955+00:00,1733413055.110811,2024-12-05T15:37:35.110811+00:00,9.380414267381033
05122024_1515_3,2024-12-05,15:15,3,recovered_unique,high,True,CSN3,1,13,1733411746.1336,2024-12-05T15:15:46.133600+00:00,1733413011.889598,2024-12-05T15:36:51.889598+00:00,21.09593329826991
05122024_1515_5,2024-12-05,15:15,5,recovered_unique,high,True,CSN5,1,24,1733411725.297646,2024-12-05T15:15:25.297646+00:00,1733412592.933489,2024-12-05T15:29:52.933489+00:00,14.460597383975983
05122024_1515_12,2024-12-05,15:15,12,recovered_unique,,True,CSN9,1,20,1733411746.507299,2024-12-05T15:15:46.507299+00:00,1733413129.446173,2024-12-05T15:38:49.446173+00:00,23.048981233437857
05122024_1517_0,2024-12-05,15:17,0,synthetic_from_conv_time,synthetic_low,True,CSN17,1,12,1733411856.775205,2024-12-05T15:17:36.775205+00:00,1733412904.516023,2024-12-05T15:35:04.516023+00:00,17.46234696706136
05122024_1517_1,2024-12-05,15:17,1,recovered_unique,high,True,CSN1,1,12,1733411840.946646,2024-12-05T15:17:20.946646+00:00,1733413038.048975,2024-12-05T15:37:18.048975+00:00,19.95170548359553
05122024_1518_15,2024-12-05,15:18,15,imputed_from_multi_candidates,imputed_medium,True,CSN15,1,24,1733411883.029593,2024-12-05T15:18:03.029593+00:00,1733413106.022828,2024-12-05T15:38:26.022828+00:00,20.383220585187278
05122024_1519_2,2024-12-05,15:19,2,recovered_unique,high,True,CSN2,1,20,1733411992.545977,2024-12-05T15:19:52.545977+00:00,1733412989.542815,2024-12-05T15:36:29.542815+00:00,16.616613964239757
05122024_1521_11,2024-12-05,15:21,11,recovered_unique,high,True,CSN11,1,15,1733412097.768684,2024-12-05T15:21:37.768684+00:00,1733412963.014513,2024-12-05T15:36:03.014513+00:00,14.420763818422953
05122024_1522_6,2024-12-05,15:22,6,recovered_unique,,True,CSN6,1,20,1733412144.138773,2024-12-05T15:22:24.138773+00:00,1733413128.852933,2024-12-05T15:38:48.852933+00:00,16.41190266609192
05122024_1526_22,2024-12-05,15:26,22,recovered_unique,high,True,CSN22,1,1,1733412376.796995,2024-12-05T15:26:16.796995+00:00,1733412376.796995,2024-12-05T15:26:16.796995+00:00,0.0
05122024_1527_21,2024-12-05,15:27,21,recovered_unique,,True,CSN21,1,6,1733412439.599039,2024-12-05T15:27:19.599039+00:00,1733413243.113442,2024-12-05T15:40:43.113442+00:00,13.391906714439392
05122024_1530_9,2024-12-05,15:30,9,recovered_unique,high,True,CSN9,1,2,1733412669.351712,2024-12-05T15:31:09.351712+00:00,1733413436.578295,2024-12-05T15:43:56.578295+00:00,12.787109716733296
05122024_1600_2,2024-12-05,16:00,2,recovered_unique,high,True,CSN2,1,16,1733416848.983691,2024-12-05T16:40:48.983691+00:00,1733417742.56971,2024-12-05T16:55:42.569710+00:00,14.893100317319234
05122024_1600_14,2024-12-05,16:00,14,recovered_unique,high,True,CSN14,1,17,1733416795.659432,2024-12-05T16:39:55.659432+00:00,1733417669.142171,2024-12-05T16:54:29.142171+00:00,14.558045649528504
05122024_1615_3,2024-12-05,16:15,3,recovered_unique,high,True,CSN3,1,12,1733416997.269941,2024-12-05T16:43:17.269941+00:00,1733417777.175505,2024-12-05T16:56:17.175505+00:00,12.998426063855488
05122024_1615_4,2024-12-05,16:15,4,recovered_unique,high,True,CSN4,1,28,1733416608.450479,2024-12-05T16:36:48.450479+00:00,1733417816.361559,2024-12-05T16:56:56.361559+00:00,20.131851331392923
05122024_1615_10,2024-12-05,16:15,10,recovered_unique,high,True,CSN10,1,21,1733416603.612039,2024-12-05T16:36:43.612039+00:00,1733417833.063266,2024-12-05T16:57:13.063266+00:00,20.490853782494863
05122024_1615_12,2024-12-05,16:15,12,recovered_unique,high,True,CSN9,1,17,1733417082.983858,2024-12-05T16:44:42.983858+00:00,1733417873.985201,2024-12-05T16:57:53.985201+00:00,13.183355712890625
05122024_1615_17,2024-12-05,16:15,17,recovered_unique,high,True,CSN17,1,25,1733416482.560618,2024-12-05T16:34:42.560618+00:00,1733417843.98271,2024-12-05T16:57:23.982710+00:00,22.69036819934845
05122024_1615_18,2024-12-05,16:15,18,recovered_unique,high,True,CSN18,1,9,1733417075.807141,2024-12-05T16:44:35.807141+00:00,1733417714.593423,2024-12-05T16:55:14.593423+00:00,10.646438030401866
05122024_1615_21,2024-12-05,16:15,21,recovered_unique,high,True,CSN21,1,31,1733416962.455209,2024-12-05T16:42:42.455209+00:00,1733417882.233979,2024-12-05T16:58:02.233979+00:00,15.32964616616567
05122024_1629_0,2024-12-05,16:29,0,synthetic_from_conv_time,synthetic_low,True,CSN7,1,19,1733416168.169365,2024-12-05T16:29:28.169365+00:00,1733417833.840448,2024-12-05T16:57:13.840448+00:00,27.76118471622467
05122024_1631_0,2024-12-05,16:31,0,synthetic_from_conv_time,synthetic_low,True,CSN8,1,17,1733416262.88201,2024-12-05T16:31:02.882010+00:00,1733417849.078786,2024-12-05T16:57:29.078786+00:00,26.436612931887307
05122024_1640_15,2024-12-05,16:40,15,recovered_unique,high,True,CSN15,1,7,1733416806.515771,2024-12-05T16:40:06.515771+00:00,1733417311.551608,2024-12-05T16:48:31.551608+00:00,8.417263952891032
05122024_1645_0,2024-12-05,16:45,0,synthetic_from_conv_time,synthetic_low,True,CSN6,1,4,1733417108.019441,2024-12-05T16:45:08.019441+00:00,1733417909.186864,2024-12-05T16:58:29.186864+00:00,13.352790383497874
05122024_1645_1,2024-12-05,16:45,1,recovered_unique,high,True,CSN1,1,12,1733417137.185255,2024-12-05T16:45:37.185255+00:00,1733417865.066385,2024-12-05T16:57:45.066385+00:00,12.131352166334787
05122024_1647_16,2024-12-05,16:47,16,recovered_unique,high,True,CSN16,1,13,1733417236.896432,2024-12-05T16:47:16.896432+00:00,1733417843.637816,2024-12-05T16:57:23.637816+00:00,10.112356400489807
05122024_1649_13,2024-12-05,16:49,13,recovered_unique,high,True,CSN13,1,9,1733417371.191022,2024-12-05T16:49:31.191022+00:00,1733417869.973154,2024-12-05T16:57:49.973154+00:00,8.313035535812379
05122024_1652_9,2024-12-05,16:52,9,recovered_unique,high,True,CSN9,1,1,1733417535.127437,2024-12-05T16:52:15.127437+00:00,1733417535.127437,2024-12-05T16:52:15.127437+00:00,0.0
13122024_1526_19,2024-12-13,15:26,19,recovered_unique,high,False,CSN19,1,21,1733239604.366,2024-12-03T15:26:44.366000+00:00,1733240384.145,2024-12-03T15:39:44.145000+00:00,12.996316667397817
